,text,support,deny,query,comment,support,deny,query,veracity
544518335019229184,"['#breaking', 'least', 'two', 'people', 'died', 'following', '#sydneysiege', '5', 'people', 'treated', 'paramedics']",1.0,0.0,0.0,0.0,0.125,0.0625,0.0625,0.0
553508098825261056,"['police', 'surrounded', 'building', 'suspected', '#charliehebdo', 'attackers', 'holed-up', 'http://t.co/B0TRvE2iYs', 'http://t.co/becxNG0Kxi']",1.0,0.0,0.0,0.0,0.15789473684210525,0.05263157894736842,0.0,0.0
544504183341064192,"['escaped', '#sydneysiege', 'hostage', 'elly', 'chen', 'top', 'student', 'skilled', 'sportswoman', 'http://t.co/cOyz8N2IMb', 'http://t.co/48YdSm7lJB']",1.0,0.0,0.0,0.0,0.05263157894736842,0.0,0.0,0.0
524925987239120897,"['soldier', 'shot', 'national', 'war', 'memorial', 'ottawa', 'http://t.co/Sgmcq7gUzf', '#cdnpoli', '#hw']",1.0,0.0,0.0,0.0,0.75,0.0,0.0,0.0
576513463738109954,"['putin', 'reappears', 'tv', 'amid', 'claims', 'unwell', 'threat', 'coup', 'http://t.co/YZln23EUx1', 'http://t.co/ZsAnBa5gz3']",0.0,1.0,0.0,0.0,0.42857142857142855,0.0,0.0,2.0
552984502063337472,"['#update', 'three', 'men', 'including', 'two', 'brothers', 'identified', 'france', 'newspaper', 'attack', 'source', 'http://t.co/5NoNuqJSu1', '#jesuischarlie', '#charliehebdo']",0.0,1.0,0.0,0.0,0.0,0.3333333333333333,0.0,0.0
544391176137089024,"['hostage', 'taker', 'sydney', 'cafe', 'demands', 'isis', 'flag', 'call', 'australian', 'pm', 'sky', 'news', 'reports', 'http://t.co/a2vgrn30Xh', '#sydneysiege']",1.0,0.0,0.0,0.0,0.08,0.0,0.04,0.0
500290456845299714,"[""here's"", 'police', 'report', 'somehow', '#ferguson', 'cops', 'valued', 'box', 'swishers', 'nearly', '50', 'time', 'stop', 'smokin', 'guess', 'http://t.co/8ZkvrHkApc']",1.0,0.0,0.0,0.0,0.17777777777777778,0.022222222222222223,0.1111111111111111,2.0
768859780240773121,"['sick', 'hillary', 'seen', 'using', 'great', 'caution', 'attempts', 'get', 'car', '#hillaryshealth', 'https://t.co/1ys6vMJrds']",1.0,0.0,0.0,0.0,0.18604651162790697,0.0,0.023255813953488372,1.0
500377145349521411,"['clear', 'unarmed', 'teenager', 'possibly', 'stealing', 'box', 'cigars', 'warrant', 'shot', 'death', 'police', '#ferguson']",1.0,0.0,0.0,0.0,0.21428571428571427,0.14285714285714285,0.0,2.0
580339825649291264,"['#germanwings', 'passenger', 'plane', 'crashes', 'french', 'alps', '148', 'onboard', 'http://t.co/JCDZtv8We0', 'http://t.co/yE0hUNdiTr']",1.0,0.0,0.0,0.0,0.1,0.0,0.0,1.0
553587672137334785,"['afp', 'suspected', '#charliehebdo', 'gunmen', 'killed']",1.0,0.0,0.0,0.0,0.03571428571428571,0.0,0.03571428571428571,0.0
580325090367315968,"['flight', '#4u9525', 'initially', 'climbed', '38,000', 'feet', 'started', 'descend', 'lost', 'signal', '6,800', 'feet', 'http://t.co/MthXQ232Hn']",1.0,0.0,0.0,0.0,0.006097560975609756,0.042682926829268296,0.11585365853658537,2.0
581290271997968384,"['german', 'news', 'co-pilot', 'germanwings', 'airbus', 'muslim', 'convert', 'hero', 'islamic', 'state', 'http://t.co/J8budBthpm']",1.0,0.0,0.0,0.0,0.2727272727272727,0.0,0.12121212121212122,1.0
581063377226637312,"['#4u9525', 'robin', 'names', 'andreas', 'lubitz', 'copilot', 'flight', 'deck', 'crashed', 'aircraft']",1.0,0.0,0.0,0.0,0.0,0.0,0.5,0.0
581386094337474560,"['german', 'media', 'reporting', '#andreaslubitz', 'serious', 'depressive', 'episode', 'six', 'years', 'ago', 'http://t.co/MUdmHPz2ro', '#germanwings']",1.0,0.0,0.0,0.0,0.0,0.15384615384615385,0.07692307692307693,2.0
580321156508577792,"['hearing', '148', 'passengers', 'crew', 'board', '#a320', 'crashed', 'southern', 'french', 'alps', '#germanwings', 'flight']",1.0,0.0,0.0,0.0,0.0,0.0,0.0,1.0
580332109782466561,"['#4u9525', 'fl380', 'fl110', '8', 'min', ""that's"", 'average', 'rate', 'descent', '3375', 'fpm', 'levelled', 'fl068', 'hell', 'going']",0.0,0.0,0.0,1.0,0.3333333333333333,0.0,0.0,0.0
500319801344929795,"['day', '#ferguson', 'cops', 'told', 'dirty', 'bloody', 'lie', 'http://t.co/gnAlHsS7tu', 'http://t.co/vpqnDDVd2u']",1.0,0.0,0.0,0.0,0.5555555555555556,0.05555555555555555,0.0,2.0
5qzxep,"['true', 'phone', 'charge', 'long', 'damages', 'battery']",0.0,0.0,1.0,0.0,0.0,0.0,0.0,1.0
553587303172833280,"['police', 'taking', 'people', '#paris', 'grocery', 'hostages', 'held', 'http://t.co/7Bxdhozq4H']",1.0,0.0,0.0,0.0,0.38095238095238093,0.09523809523809523,0.0,0.0
580326222107951104,"['heart', 'goes', '148', 'passengers', 'crew', 'germanwings', 'airbus', 'a320', 'crashed', 'french', 'alps', 'southern', 'france', 'http://t.co/K7fmJLRt4G']",1.0,0.0,0.0,0.0,0.09090909090909091,0.0,0.09090909090909091,1.0
524926235030589440,"['breaking', 'news', 'least', '3', 'shots', 'fired', 'ottawa', 'war', 'memorial', 'one', 'soldier', 'confirmed', 'shot', 'http://t.co/wiPaKVPSDb', 'http://t.co/vwxeqj8xe9']",1.0,0.0,0.0,0.0,0.16666666666666666,0.0,0.16666666666666666,0.0
544293753130082305,"['details', 'hostage', 'site', 'lindt', 'chocolat', 'cafe', 'near', '#sydney', 'harbor', 'http://t.co/1ZlzKDjvSf', 'http://t.co/7u8EFUwCey']",1.0,0.0,0.0,0.0,0.1,0.1,0.1,1.0
524975705206304769,"['#nhl', 'cancels', ""tonight's"", 'game', '#ottawa', '#toronto', 'due', ""today's"", 'shootings', 'senators', 'host', 'maple', 'leafs']",1.0,0.0,0.0,0.0,0.08695652173913043,0.0,0.0,0.0
524956129017995264,"['police', 'say', 'shots', 'fired', '3', '#ottawa', 'sites', 'national', 'war', 'memorial', 'parliament', 'hill', 'rideau', 'shopping', 'centre', 'http://t.co/rOnqpUbuqc']",1.0,0.0,0.0,0.0,0.1,0.125,0.0,1.0
500294803402137600,"['photos', 'alleged', 'robbery', 'involving', 'michael', 'brown', '#ferguson', 'police', 'http://t.co/gr83XTGO1t', 'http://t.co/7V34OtGYcn']",1.0,0.0,0.0,0.0,0.05,0.1,0.1,2.0
580360165540642816,"['reporter', 'james', 'andré', 'french', 'civil', 'aviation', 'authority', 'hq', '#germanwings', 'plane', 'report', 'distress', 'signal', 'mayday']",0.0,1.0,0.0,0.0,0.5,0.5,0.0,1.0
552811386259386370,"['least', '12', 'dead', 'paris', 'shooting', 'updated', 'story', 'background', 'info', 'http://t.co/QlPpQ2ss8j', '#charliehebdo', 'http://t.co/DwMlafsD6K']",1.0,0.0,0.0,0.0,0.2777777777777778,0.1111111111111111,0.0,0.0
544289941996326912,"['prime', 'minister', 'tony', ""abbott's"", 'statement', '#sydneysiege', 'updates', 'http://t.co/EgWHAnjO35', 'http://t.co/AGhyN5Qkei']",1.0,0.0,0.0,0.0,0.5,0.25,0.25,0.0
552792802309181440,"['#charliehebdo', '11', 'dead', 'including', '2', 'police', 'paris', 'shooting', 'photo', '#afp', 'http://t.co/aksGP63MB7']",1.0,0.0,0.0,0.0,0.375,0.0,0.125,0.0
500286058664579072,"['update', '#ferguson', 'police', 'release', 'stills', 'convenience', 'store', 'footage', 'showing', 'robbery', 'http://t.co/rl0RgIphUp', 'http://t.co/PHUofG7mJR']",1.0,0.0,0.0,0.0,0.019417475728155338,0.1553398058252427,0.08737864077669903,2.0
46uw4y,"['would', 'labour', 'win', 'young', 'people', 'voted']",0.0,0.0,1.0,0.0,0.016129032258064516,0.08064516129032258,0.03225806451612903,2.0
500378522788315137,"['#ferguson', 'police', 'officer', 'involved', 'fatal', 'shooting', 'michael', 'brown', 'know', 'suspect', 'alleged', 'robbery', 'http://t.co/L6bieyrz2a']",1.0,0.0,0.0,0.0,0.15,0.2,0.1,2.0
524922729485848576,"['photo', 'tweet', 'cpr', 'performed', 'soldier', 'heard', 'four', 'shots', '#ottawa', 'http://t.co/cqdw1yx8AI']",1.0,0.0,0.0,0.0,0.019230769230769232,0.17307692307692307,0.15384615384615385,0.0
49l01s,"['queen', 'backs', 'brexit', 'sun', 'front', 'page', 'tomorrow']",1.0,0.0,0.0,0.0,0.0,0.0028653295128939827,0.0,1.0
580319078155468800,"['germanwings', 'airbus', 'a320', 'crashes', 'french', 'alps', 'near', 'digne', 'http://t.co/yNlWbNJmYI']",1.0,0.0,0.0,0.0,0.42105263157894735,0.05263157894736842,0.0,0.0
63uefi,"['donald', ""trump's"", 'travel', 'expenses', '10', 'weeks', 'cost', 'us', 'taxpayers', 'much', 'barack', 'obama', 'spent', 'two', 'years']",1.0,0.0,0.0,0.0,0.0,0.0,0.0,2.0
529716453792956416,"['#prince', '#toronto', 'rumours', 'fly', 'surprise', 'show', 'http://t.co/ySchlys6DA']",0.0,0.0,0.0,1.0,0.0,0.0,0.0,1.0
553461741917863936,"['rural', 'region', 'northern', 'france', 'searched', 'hunt', '#charliehebdo', 'gunmen', 'latest', 'updates', 'http://t.co/7iVIN3nqCv', 'http://t.co/YrdUIOjrZF']",0.0,0.0,0.0,1.0,0.10526315789473684,0.05263157894736842,0.10526315789473684,2.0
544306402731507712,"['#pmharper', 'tweets', ""canada's"", 'thoughts', 'prayers', 'australian', 'friends', '13-40', 'hostages', 'held', 'cafe', '#sydney', '#sydneysiege']",1.0,0.0,0.0,0.0,0.0,0.0,0.0,1.0
576796432730071040,"['unformed', 'russian', 'embassy', 'staff', 'london', 'left', 'russia', 'rumours', 'putin', 'died', 'http://t.co/zSIV8w6FJ2', '#putindead']",1.0,0.0,0.0,0.0,0.13333333333333333,0.06666666666666667,0.06666666666666667,1.0
499530130487017472,"['woman', '#ferguson', 'shot', 'head', 'last', 'night', 'released', 'selfie', 'conflicting', 'reports', 'happened', 'http://t.co/25WX6EkquG']",1.0,0.0,0.0,0.0,0.18518518518518517,0.0,0.037037037037037035,2.0
544301453717041152,"['breaking', 'update', 'gunman', 'says', 'four', 'devices', 'located', 'around', 'sydney', 'security', 'response', 'underway', 'police', 'calling', 'calm', '9news']",1.0,0.0,0.0,0.0,0.0,0.0,0.0,0.0
576319832800555008,"['hoppla', 'swiss', 'rumors', 'putin', 'absence', 'due', 'girlfriend', 'alina', 'giving', 'birth', 'ticino', 'http://t.co/vZnGDH1Qys', 'http://t.co/5TvXSdvd1H']",1.0,0.0,0.0,0.0,0.06666666666666667,0.0,0.06666666666666667,2.0
544310853613281281,"['sydney', 'cafe', 'siege', 'may', 'part', 'larger', 'plot', '#martinplacesiege', 'http://t.co/f2aTNEpjmh', 'http://t.co/DE4IBxv73K']",1.0,0.0,0.0,0.0,0.25,0.3,0.0,1.0
544271362022338560,"['black', 'islamic', 'flag', 'held', 'window', '#lindt', 'chocolate', 'store', 'martin', 'place', 'sydney', 'hostages', 'inside', 'http://t.co/fAV7PEuY6P']",1.0,0.0,0.0,0.0,0.058823529411764705,0.17647058823529413,0.058823529411764705,0.0
544291965513134080,"['according', 'seven', 'picture', 'gunman', 'http://t.co/3Zor3gSOSO']",1.0,0.0,0.0,0.0,0.0,0.03571428571428571,0.10714285714285714,0.0
500303431928922113,"['reminder', 'forget', 'robbery', 'forget', 'minor', 'looting', 'nothing', 'justifies', 'militarized', 'police', 'pointing', 'sniper', 'rifles', 'journalists', '#ferguson']",0.0,0.0,0.0,1.0,0.23529411764705882,0.058823529411764705,0.058823529411764705,2.0
7jkthr,"['trump', 'call', 'republicans', 'dumbest', 'group', 'voters', 'country']",0.0,0.0,1.0,0.0,0.0,0.125,0.0,1.0
6rimvf,"['debunk', 'throughout', 'human', 'history', '80', 'women', 'reproduced', '40', 'men']",0.0,0.0,1.0,0.0,0.0,0.25,0.25,0.0
552792544132997121,"['breaking', 'charlie', 'hebdo', 'latest', '11', 'dead', '10', 'wounded', 'five', 'critical', 'two', 'gunmen', 'unaccounted', 'http://t.co/kjW3uwCV0f', 'http://t.co/9K8ICs97Be']",1.0,0.0,0.0,0.0,0.0,0.0,0.04878048780487805,0.0
544283772569788416,"['live', 'updates', 'siege', 'sydney', 'cafe', 'http://t.co/aNIHU5DlLj']",1.0,0.0,0.0,0.0,0.3684210526315789,0.05263157894736842,0.0,0.0
553587013409325058,"['#breaking', 'charlie', 'hebdo', ""gunmen's"", 'hostage', 'freed', 'safe', 'police', 'assault']",1.0,0.0,0.0,0.0,0.0975609756097561,0.17073170731707318,0.024390243902439025,0.0
498486826269548545,"['demand', 'retract', 'lie', 'people', '#ferguson', 'shouting', 'kill', 'police', 'local', 'reporting', 'refuted', 'ugly', 'racism']",0.0,1.0,0.0,0.0,0.05263157894736842,0.15789473684210525,0.3157894736842105,2.0
7p7cq,"['true', 'never', 'war', 'two', 'democracies', 'yes', ""israel's"", 'longer', 'democracy']",1.0,0.0,0.0,0.0,0.25,0.25,0.0,1.0
500288349924782080,"['anyone', 'think', 'comparing', 'clothes', '#mikebrown', 'wearing', 'laying', 'street', 'security', 'footage', '#ferguson']",0.0,0.0,0.0,1.0,0.46153846153846156,0.07692307692307693,0.0,2.0
524962142563610625,"['#breaking', 'rick', 'hughes', 'cbc', 'hamilton', 'soldier', 'shot', 'ottawa', 'wednesday', 'morning', 'reservist', 'serving', 'hamilton']",1.0,0.0,0.0,0.0,0.2,0.0,0.2,0.0
544290258951892992,"['central', 'sydney', 'shut', 'police', 'amid', 'ongoing', 'hostage', 'situation', 'http://t.co/TvAlMmqFxP']",1.0,0.0,0.0,0.0,0.4,0.0,0.0,0.0
767725956706414592,"['go', 'online', 'put', 'hillary', 'clinton', 'illness', 'rudy', 'says', 'yes', 'look', 'truth', 'health', 'smears', 'https://t.co/EprqiZhAxM']",0.0,1.0,0.0,0.0,0.11764705882352941,0.09411764705882353,0.12941176470588237,1.0
552802654641225728,"['charlie', 'hebdo', 'shooting', 'latest', '12', 'dead', 'gunmen', 'still', 'large', 'http://t.co/6jRqXgPogM', 'http://t.co/hO7lvftma5']",1.0,0.0,0.0,0.0,0.2857142857142857,0.0,0.14285714285714285,0.0
553548567420628992,"['afp', 'reports', '2', 'dead', '5', 'hostages', 'held', 'kosher', 'store', 'eastern', 'paris', 'separate', 'incident', 'charlie', 'hebdo', 'shooters']",1.0,0.0,0.0,0.0,0.08,0.04,0.28,2.0
544268732046913536,"['#breaking', 'hostages', 'held', 'siege', 'taking', 'place', ""sydney's"", 'lindt', 'chocolat', 'cafe', 'martin', 'place']",1.0,0.0,0.0,0.0,0.0,0.0,0.0,0.0
525049639016615937,"['soldier', 'died', 'today', '#ottawa', 'war', 'memorial', 'name', 'cpl', 'nathan', 'cirillo', '#rip', '#ottawastrong', 'http://t.co/vhPBPq5yYk']",1.0,0.0,0.0,0.0,0.3333333333333333,0.16666666666666666,0.0,0.0
500280838710247424,"['police', 'reports', 'released', 'morning', 'indicate', 'mike', 'brown', 'suspect', 'strong-armed', 'robbery', '#ferguson']",1.0,0.0,0.0,0.0,0.14285714285714285,0.07142857142857142,0.16666666666666666,2.0
544319832486064128,"['hostage', 'situation', 'erupts', 'sydney', 'cafe', 'australian', 'prime', 'minister', 'says', 'may', 'politically', 'motivated', 'http://t.co/439C1MkRWf']",1.0,0.0,0.0,0.0,0.14705882352941177,0.08823529411764706,0.11764705882352941,0.0
576276947648405505,"['coup', '#russia', 'good', 'article', 'http://t.co/aaNCpb0blW', '#ramzankadyrov', '#putin', '#putindead', 'http://t.co/OfivdTlTbO']",1.0,0.0,0.0,0.0,0.6666666666666666,0.3333333333333333,0.0,2.0
8gp0d7,"['serious', 'true', '85', 'people', 'breath', 'one', 'nostril', 'time', 'breathe', 'nostrils']",0.0,0.0,1.0,0.0,0.020833333333333332,0.10416666666666667,0.020833333333333332,0.0
544462330105712640,"['sydney', 'airspace', 'closed', 'second', 'terror', 'suspect', 'arrested', 'myths', 'around', '#sydneysiege', 'debunked', 'http://t.co/yTLKLUKnFd']",0.0,1.0,0.0,0.0,0.01694915254237288,0.22033898305084745,0.01694915254237288,1.0
525025463648137216,"['breaking', 'source', 'confirms', 'cp24', 'deceased', 'soldier', 'ottawa', 'cpl', 'nathan', 'cirillo', 'cirillo', 'member', 'hamilton', 'argylls']",1.0,0.0,0.0,0.0,0.3,0.0,0.0,0.0
580323060533764097,"['germanwings', 'passenger', 'plane', 'crashes', 'france', 'http://t.co/BSJhGgMChG']",1.0,0.0,0.0,0.0,0.0,0.0,0.0,0.0
544289409294553088,"['full', 'statement', 'pm', 'abbott', '#sydneysiege', '#martinplace', '#lindt', 'http://t.co/7ilKZGNBDz']",1.0,0.0,0.0,0.0,0.18181818181818182,0.2727272727272727,0.09090909090909091,0.0
544515538383564801,"['haron', 'monis', 'hostage-taker', '#sydney', 'fled', '#iran', '96', 'suspect', 'ex-wife', 'killing', '46', 'sex', 'assaults', 'http://t.co/3caiB9OnFg', 'http://t.co/vfOXjtrGgZ']",1.0,0.0,0.0,0.0,0.15789473684210525,0.0,0.10526315789473684,0.0
524925215235911680,"['#breaking', 'news', 'shots', 'fired', 'parliament', 'hill', 'follow', 'developing', 'story', 'http://t.co/gPg9nujRvk', 'http://t.co/H0Hw24j5ma']",1.0,0.0,0.0,0.0,0.05555555555555555,0.0,0.0,0.0
553501357156876290,"['#charliehebdo', 'suspects', 'prepared', 'die', 'martyrs', 'tell', 'police', 'making', 'contact', 'french', 'media', 'http://t.co/Qgmn70TXSU']",1.0,0.0,0.0,0.0,0.05,0.1,0.0,2.0
553544252563935234,"['breaking', 'least', '2', 'killed', '#paris', 'hostage', 'situation', 'http://t.co/C2WrcWLUZh']",1.0,0.0,0.0,0.0,0.5714285714285714,0.07142857142857142,0.0,2.0
524929497205055488,"[""canada's"", 'parliament', 'hill', 'lockdown', 'police', 'hunt', 'shooting', 'suspect', 'least', '1', 'injured', 'http://t.co/aF9HyT9BgX']",1.0,0.0,0.0,0.0,0.4375,0.0625,0.125,2.0
553467311261503488,"['reports', 'shooting', 'dammartin', 'en', 'goele', 'route', 'n2', 'north', 'east', 'paris', 'french', 'media', 'says', 'car', 'chase', 'way']",1.0,0.0,0.0,0.0,0.0,0.0,0.0,2.0
525023025792835585,"['#ripnathancirillo', 'soldier', 'killed', 'war', 'memorial', 'identified', 'cpl', 'nathan', 'cirillo', '#ottawashooting', 'http://t.co/uZZqmlctss']",1.0,0.0,0.0,0.0,0.1,0.0,0.0,0.0
553586860334010368,"['#charliehebdo', 'killers', 'shot', 'dead', 'police']",1.0,0.0,0.0,0.0,0.10526315789473684,0.0,0.15789473684210525,0.0
544274934835707905,"['several', 'people', 'held', 'hostage', 'sydney', 'cafe', 'australian', 'tv', 'showing', 'people', 'hands', 'window', 'http://t.co/AD2PR4OPFq']",1.0,0.0,0.0,0.0,0.07407407407407407,0.0,0.18518518518518517,0.0
552848620375261184,"['witnesses', 'say', 'charlie', 'hebdo', 'gunmen', 'identified', 'members', 'al-qaida', 'http://t.co/WSEe7PGIdY', 'http://t.co/fTzk4xzZIr']",1.0,0.0,0.0,0.0,0.26666666666666666,0.06666666666666667,0.13333333333333333,2.0
553221600955621376,"['clarissa', '27', 'years', 'old', 'police', 'trainee', 'montrouge', 'police', '#france', 'victim', ""morning's"", 'attack', 'http://t.co/kk0w0D6NNv']",1.0,0.0,0.0,0.0,0.0,0.0,0.0,0.0
8efswb,"['true', 'species', 'twice', 'many', 'female', 'ancestors', 'male', 'math', 'work']",0.0,0.0,1.0,0.0,0.0,0.0,0.0,0.0
544306719686656000,"['us', 'evacuated', 'consulate', 'sydney', '#sydneysiege', 'emergency', 'warning', 'u', 'citizens', 'urging', 'maintain', 'high', 'level', 'vigilance']",1.0,0.0,0.0,0.0,0.2222222222222222,0.1111111111111111,0.1111111111111111,2.0
552834961762709505,"['paris', 'manhunt', '3', '#charliehebdo', 'attackers', 'ak', '47', 'rifles', 'reportedly', 'rocket-propelled', 'grenade', 'still', 'large', 'http://t.co/3Jsosc7yl3']",1.0,0.0,0.0,0.0,0.0,0.0,0.0,0.0
544305745416581120,"['police', 'stand', 'guard', 'hostages', 'held', 'cafe', 'sydney', 'follow', ""afp's"", 'live', 'report', 'http://t.co/yKWnSmShSY', 'http://t.co/wyjunPbDfo']",1.0,0.0,0.0,0.0,0.0,0.0,0.0,1.0
553579224402235393,"['hostage-taker', 'paris', 'store', 'demands', 'release', '#kouachibrothers', 'police', 'union', 'spokesman', 'says', 'http://t.co/cTAJWVBmAO', 'http://t.co/rYEGVIPAlU']",1.0,0.0,0.0,0.0,0.05714285714285714,0.02857142857142857,0.02857142857142857,2.0
576323086888361984,"['appears', 'original', 'source', 'putin', 'kabayeva', 'swiss', 'clinic', 'rumour', 'http://t.co/bKfJTSGdca']",0.0,0.0,0.0,1.0,0.3333333333333333,0.0,0.16666666666666666,2.0
524947867975561216,"['ottawa', 'police', 'service', 'numerous', 'gunmen', 'canada', 'war', 'memorial', 'shooting', 'one', 'person', 'shot', 'http://t.co/zNhxK6wBoy']",1.0,0.0,0.0,0.0,0.09523809523809523,0.047619047619047616,0.19047619047619047,1.0
553566026030272512,"['breaking', 'two', 'hostage', 'situations', 'france', 'linked', 'paris', 'prosecutor', 'says']",1.0,0.0,0.0,0.0,0.36363636363636365,0.0,0.09090909090909091,0.0
544291804057960448,"['first', 'photos', 'hostage', 'pressed', 'window', '#sydneysiege', 'http://t.co/MOy8zCHp5a']",1.0,0.0,0.0,0.0,0.2,0.0,0.1,0.0
552793679082311680,"['11', 'confirmed', 'dead', 'francois', 'hollande', 'visit', 'scene', 'attack', 'latest', 'paris', 'http://t.co/7N7uvClhWY', 'http://t.co/EgmxARAdEP']",1.0,0.0,0.0,0.0,0.047619047619047616,0.0,0.0,0.0
524925050739490816,"['breaking', 'news', 'soldier', 'shot', 'national', 'war', 'memorial', 'ottawa', 'http://t.co/pp6hcfWcRw']",1.0,0.0,0.0,0.0,0.18181818181818182,0.0,0.09090909090909091,0.0
524923676484177920,"['breaking', 'shooting', 'parliament', 'hill', 'rcmp', 'weapons', 'drawn', '#cdnpoli', 'http://t.co/38qOgXcuet']",1.0,0.0,0.0,0.0,0.1,0.2,0.2,0.0
544269749405097984,"['breaking', 'live', 'coverage', 'hostage', 'situation', 'unfolding', ""sydney's"", 'martin', 'place', 'http://t.co/TTG8ye71Zg', 'http://t.co/iTwradHTb3']",1.0,0.0,0.0,0.0,0.0,0.0,0.06666666666666667,0.0
774991078265094144,"['except', 'coughing', 'fainting', 'apparent', 'seizures', 'short-circuits', 'hillary', 'peak', 'health']",1.0,0.0,0.0,0.0,0.14772727272727273,0.045454545454545456,0.022727272727272728,1.0
524925730053181440,"['shooter', 'still', 'loose', 'uniformed', 'soldier', 'shot', ""#ottawa's"", 'war', 'memorial', 'across', 'road', 'parliament', ""mp's"", 'taken', 'offices']",1.0,0.0,0.0,0.0,0.125,0.125,0.0,2.0
529720273285566464,"['response', 'inquiries', 'confirm', 'prince', 'performing', 'tonight']",1.0,0.0,0.0,0.0,0.15789473684210525,0.0,0.2631578947368421,1.0
524932056560963584,"['breaking', 'least', '20', 'shots', 'fired', 'canadian', 'parliament', 'ottawa', 'according', 'witnesses']",1.0,0.0,0.0,0.0,0.0,0.0,0.3333333333333333,2.0
544510450101415936,"['several', 'hostages', 'flee', 'cafe', 'siege', 'sydney', 'local', 'media', 'say', 'http://t.co/YjuafDPNEY']",1.0,0.0,0.0,0.0,0.09090909090909091,0.0,0.09090909090909091,2.0
499456140044824576,"['st', 'louis', 'co', 'police', 'tell', 'ofcr', 'shot', 'man', 'pointed', 'handgun', 'chambers', 'sheffingdell', '1', 'man', 'critical', '#ferguson']",1.0,0.0,0.0,0.0,0.0,0.0,0.2,2.0
525060425184858112,"['canadian', 'soldier', 'killed', ""today's"", 'ottawa', 'shooting', 'cpl', 'nathan', 'cirillo', 'family', 'source', 'told', 'cnn', 'live', 'blog', 'http://t.co/D58rrFrbwq']",1.0,0.0,0.0,0.0,0.09090909090909091,0.045454545454545456,0.045454545454545456,0.0
524932935137628160,"['gunman', 'ottawa', 'shot', 'killed', ""i'm"", 'loss', 'words', 'morning', 'canada']",1.0,0.0,0.0,0.0,0.3116883116883117,0.35064935064935066,0.012987012987012988,0.0
553506608203169792,"['map', 'shows', 'industrial', 'estate', '2', '#charliehebdo', 'suspects', 'holed', 'surrounded', 'police', 'http://t.co/hi9g8dxpiR', 'http://t.co/Vw2L6SQcMH']",1.0,0.0,0.0,0.0,0.17391304347826086,0.0,0.08695652173913043,0.0
499612545909415938,"['nearly', '7k', 'blacks', 'murdered', 'last', 'yr--almost', 'blacks', 'tiny', 'unarmed-killed-by-cop', ""where's"", 'al', 'jesse', '#tcot', '#ferguson']",1.0,0.0,0.0,0.0,0.0625,0.3125,0.09375,2.0
553535829017370625,"['#breaking', 'least', 'five', 'hostages', 'paris', 'kosher', 'supermarket', 'afp', 'https://t.co/4yt6nafpIg', '#vincennes', 'http://t.co/Vnyhqye2ps']",1.0,0.0,0.0,0.0,0.2,0.0,0.0,0.0
524961721744900097,"['canadian', 'soldier', 'shot', ""#ottawa's"", 'war', 'memorial', 'reservist', 'serving', 'argyll', 'sutherland', 'highlanders', '#hamilton', 'ont']",1.0,0.0,0.0,0.0,0.043478260869565216,0.043478260869565216,0.17391304347826086,0.0
764927075522260992,"['secret', 'service', 'tells', 'infowars', 'hillary', 'seriously', 'ill', 'needs', 'special', 'accommodations', 'tune', '4pm', '6pm', 'cst', 'https://t.co/OQtch0Lewb', '#trump', '#tcot']",1.0,0.0,0.0,0.0,0.044444444444444446,0.2,0.08888888888888889,1.0
4dfdvo,"['debunk', 'fluoride', 'declared', 'neurotoxin', 'causing', 'adhd', 'dyslexia', 'pandemic', 'millions', 'children', 'worldwide']",0.0,0.0,1.0,0.0,0.0,0.08333333333333333,0.0,1.0
498293668655423488,"['every', '28', 'hours', 'black', 'male', 'killed', 'united', 'states', 'police', 'vigilantes', '#ferguson']",1.0,0.0,0.0,0.0,0.2894736842105263,0.0,0.21052631578947367,2.0
524942470472548352,"['university', 'ottawa', 'five', 'minute', 'walk', 'hill', 'lockdown']",1.0,0.0,0.0,0.0,0.0,0.0,0.0,0.0
552996335319007233,"['r', 'p', 'ahmed', 'merabet', 'french', '#muslim', 'cop', 'first', 'victim', '#charliehebdo', 'attack', 'http://t.co/TMQsJCCKB5']",1.0,0.0,0.0,0.0,0.08695652173913043,0.043478260869565216,0.0,1.0
769988636754505729,"['267', 'days', 'since', 'sick', 'hillary', 'press', 'conference']",1.0,0.0,0.0,0.0,0.020618556701030927,0.05154639175257732,0.030927835051546393,1.0
544476808566276097,"['tv', 'channels', 'chosen', 'show', 'videos', 'hostages', 'relaying', '#sydneysiege', ""gunman's"", 'demands', 'http://t.co/5jtd36wFOU', 'http://t.co/oKJPRv40l3']",1.0,0.0,0.0,0.0,0.15384615384615385,0.02564102564102564,0.05128205128205128,0.0
500284699546517505,"['surveillance', 'robbery', 'release', 'stills', 'video', '#ferguson']",0.0,0.0,0.0,1.0,0.375,0.125,0.0625,2.0
580348081100734464,"['#germanwings', 'sorry', 'confirm', '144', 'passengers', '6', 'crew', 'board', 'flight', '#4u9525', 'crashed', 'french', 'alps', 'http://t.co/inQlKOqZup']",1.0,0.0,0.0,0.0,0.3,0.0,0.05,0.0
580333909008871424,"['french', 'junior', 'minister', 'transport', 'alain', 'vidalies', 'confirms', 'survivors', '#germanwings', '#a320', 'crash', 'http://t.co/ZLIz1oY8wF']",1.0,0.0,0.0,0.0,0.5,0.0,0.0,0.0
544277117039837184,"['flag', 'window', 'sydney', 'lindt', 'cafe', 'isis', 'flag', 'reads', 'god', 'allah', 'muhammad', 'messenger', 'god']",1.0,0.0,0.0,0.0,0.24242424242424243,0.030303030303030304,0.06060606060606061,0.0
1jvbd8,"['fukushima', 'spewing', 'equivalent', '112', 'hiroshima-type', 'nuclear', 'bombs', 'worth', 'radiation', 'every', 'hour', 'every', 'day', 'cannot', 'true']",0.0,1.0,0.0,0.0,0.0,0.0,0.0,1.0
525025279803424768,"['soldier', 'shot', 'dead', ""wednesday's"", 'ottawa', 'attacks', 'named', 'cpl', 'nathan', 'cirillo', '#hamont', '#ottawashooting', 'http://t.co/MxLMptnlWw']",1.0,0.0,0.0,0.0,0.0,0.0,0.0,0.0
934q6t,"['iodine', 'increases', 'iq', 'essential', 'part', 'human', 'diet', 'yet', 'absent', 'almost', 'salts', 'today']",1.0,0.0,0.0,0.0,0.004878048780487805,0.0,0.0,1.0
580320684305416192,"['accident', 'aircraft', 'looks', 'germanwings', 'airline', 'code', '4u', 'gwi', 'flight', '9525', 'barcelona', 'dusseldorf', '#4u9525', 'http://t.co/TIZc1N1ZrK']",1.0,0.0,0.0,0.0,0.25,0.0,0.0,2.0
8d6h5t,"['brits', 'reddit', 'true', 'done', 'eating', 'must', 'place', 'cutlery', 'together', 'side', 'plate', 'little', 'things', 'like', 'non-brits', 'might', 'know']",0.0,0.0,1.0,0.0,0.3333333333333333,0.16666666666666666,0.0,0.0
544513524438155264,"['sydney', 'siege', 'police', 'enter', 'cafe', 'hostages', 'flee', 'scene', 'gunfire', 'heard', 'reports', 'injured', 'person', 'live', 'http://t.co/c4xbud6a3m']",1.0,0.0,0.0,0.0,0.0,0.0,0.0,0.0
553505242554175489,"['suspects', '#charliehebdo', 'attack', 'spoke', 'police', 'phone', 'said', 'wanted', 'die', 'martyrs', 'says', 'french', 'mp', 'http://t.co/bGkMtT3lUF']",1.0,0.0,0.0,0.0,0.07142857142857142,0.0,0.07142857142857142,2.0
524937542131793920,"['full', 'lock', 'notice', 'ottawa', 'police']",1.0,0.0,0.0,0.0,0.0,0.0,0.3333333333333333,2.0
524936872666353664,"['shots', 'fired', 'parliament', 'hill', 'police', 'telling', 'everyone', 'take', 'cover']",1.0,0.0,0.0,0.0,0.12903225806451613,0.0,0.0,0.0
580322453928431617,"['german', 'wings', 'airline', 'tweeting', 'reports', 'plane', 'crashing', 'french', 'alps', '148', 'board', 'http://t.co/SqUrmcvNKt']",1.0,0.0,0.0,0.0,0.5,0.0,0.0,1.0
580333763512705025,"['#germanwings', 'latest', 'http://t.co/8tZopIBYLh', '#airbus', 'a320', 'crashes', 'french', 'alps', 'barcelona-to-dusseldorf', 'flight', '142', 'passengers', '6', 'crew']",1.0,0.0,0.0,0.0,0.34375,0.0,0.0,1.0
553553288625672192,"['#breaking', 'paris', 'hostage-taker', 'knows', 'one', 'charlie', 'hebdo', 'killer', 'source']",1.0,0.0,0.0,0.0,0.0,0.0,0.1111111111111111,0.0
552805488631758849,"['least', '12', 'killed', ""today's"", 'attack', 'satirical', 'magazine', '#charliehebdo', 'paris', 'official', 'says', 'http://t.co/zUfxcG3Rfs']",1.0,0.0,0.0,0.0,0.008298755186721992,0.06639004149377593,0.0,0.0
524927281048080385,"['snipers', 'set', 'national', 'art', 'gallery', 'remain', 'barricaded', 'centre', 'block', 'parliament', 'hill', '#cdnpoli', 'http://t.co/lWKaxLI9jO']",1.0,0.0,0.0,0.0,0.22826086956521738,0.15217391304347827,0.043478260869565216,2.0
525068915068923904,"['exclusive', 'michael', 'zahaf-bibeau', 'caught', '#dashcam', 'model', 'sold', 'http://t.co/62s1bT3ecH', '#ottawashooting', 'http://t.co/LpnqAKsHZw']",1.0,0.0,0.0,0.0,0.3333333333333333,0.0,0.0,0.0
553549686129561600,"['update', 'gunman', 'kosher', 'grocery', 'store', 'demanding', 'release', 'suspects', '#charliehebdo', 'shooting', 'reports', 'http://t.co/1Y123fisl2']",1.0,0.0,0.0,0.0,0.09375,0.0,0.0,2.0
524948206023880704,"['latest', '#ottawa', 'shootings', 'gunman', 'killed', 'inside', 'parliament', 'soldier', 'shot', 'war', 'memorial', 'http://t.co/kngapKTSCe', '#cdnpoli']",1.0,0.0,0.0,0.0,0.041666666666666664,0.041666666666666664,0.08333333333333333,0.0
498280126254428160,"['mike', 'brown', 'staying', 'grandmother', 'summer', 'lived', 'community', '#ferguson']",1.0,0.0,0.0,0.0,0.25,0.0,0.0,2.0
524941132237910016,"[""here's"", 'dramatic', 'video', 'shots', 'fired', 'inside', 'parliament', 'building', 'https://t.co/1waid25vOE', '#ottawa', '#shooting']",1.0,0.0,0.0,0.0,0.5,0.0,0.0,0.0
524991576163250176,"['police', 'believe', 'three', 'gunmen', 'involved', 'shootings', 'ottawa', 'morning', 'looking', 'two', 'shooters', 'http://t.co/IHV4galEtC']",1.0,0.0,0.0,0.0,0.1111111111111111,0.3333333333333333,0.1111111111111111,1.0
524947674164760577,"['breaking', 'news', 'new', 'york', 'times', 'reporting', 'canadian', 'soldier', 'shot', 'died', 'injuries', 'heartbreaking', '#cdnpoli', '#ableg']",1.0,0.0,0.0,0.0,0.0,0.4,0.1,0.0
544282227035869184,"['breaking', 'news', 'gunmen', 'take', 'hostages', 'sydney', 'cafe', 'wave', 'islamic', 'flag', 'http://t.co/zmSo3ARDVs', 'http://t.co/HFW40OyVUz']",1.0,0.0,0.0,0.0,0.4,0.2,0.0,0.0
5l23au,"['california', 'driver', 'licenses', 'given', '800,000', 'undocumented', 'immigrants', 'found', 'extra', 'hillary', 'votes']",1.0,0.0,0.0,0.0,0.0,0.05,0.0,0.0
544297696308518912,"['update', '13', 'people', 'held', 'hostage', '#sydney', 'shop', 'opera', 'house', 'evacuated', 'suspicious', 'package', 'found', 'reports', 'http://t.co/n4D3yGjso9']",1.0,0.0,0.0,0.0,0.20833333333333334,0.041666666666666664,0.08333333333333333,1.0
544292129972170752,"['breaking', 'alert', 'preliminary', 'reports', 'indicate', 'perpetrators', 'appear', 'members', '#isis', '#sydneysiege']",1.0,0.0,0.0,0.0,0.0625,0.375,0.125,1.0
576812998418939904,"['putin', 'reappears', 'television', 'amid', 'rumours', 'girlfriend', '2', 'give', 'birth', 'http://t.co/yJuN1F0QXE', 'http://t.co/B7FXmo03jK']",1.0,0.0,0.0,0.0,0.5,0.0,0.0,2.0
544278335455776769,"['#breaking', 'hostages', 'held', 'inside', 'sydney', 'cafe', 'islamic', 'flag', 'held']",1.0,0.0,0.0,0.0,0.1875,0.1875,0.0625,0.0
544374511194632192,"['update', 'total', '5', 'people', 'able', 'get', 'sydney', 'cafe', 'hostage', 'situation', 'http://t.co/mp18E4DdjW', 'http://t.co/n5vhI5DsZg']",1.0,0.0,0.0,0.0,0.25,0.125,0.125,0.0
553480082996879360,"['reports', 'fatality', 'injuries', 'following', 'shootout', 'ahead', 'dammartin-en-goele', 'hunt', 'live', 'coverage', 'http://t.co/JM4ot03Ge5', '#charliehebdo']",1.0,0.0,0.0,0.0,0.0,0.1111111111111111,0.0,1.0
529654186791944192,"['prince', 'rumoured', 'performing', 'surprise', 'show', 'toronto', 'http://t.co/PEbtcmybqc', 'http://t.co/HOoFI33eV2']",1.0,0.0,0.0,0.0,0.0,0.0,0.2,1.0
524947416869388288,"['reports', '2nd', 'shooter', 'shot', 'downtown', 'ottawa', '#ottnews']",1.0,0.0,0.0,0.0,0.0,0.0,0.0,1.0
553590459688570880,"['several', 'hostages', 'freed', 'jewish', 'supermarket', 'paris', 'photo', 'thomas', 'samson', '#afp', 'http://t.co/C9ltgMT0Wl']",1.0,0.0,0.0,0.0,0.8421052631578947,0.05263157894736842,0.0,0.0
500363740311982081,"[""what's"", 'frustrating', 'talking', 'robbery', 'killing', 'unarmed', 'kid', '#ferguson']",1.0,0.0,0.0,0.0,0.21052631578947367,0.05263157894736842,0.05263157894736842,2.0
544288681021145090,"['20', 'held', 'hostage', 'sydney', 'lindt', 'cafe', 'siege', 'http://t.co/4KisV2PKI5', 'http://t.co/qIaa63SCQk']",1.0,0.0,0.0,0.0,0.2777777777777778,0.1111111111111111,0.0,1.0
525019752507658240,"['#isis', 'media', 'account', 'posts', 'picture', 'claiming', 'michael', 'zehaf-bibeau', 'dead', '#ottawashooting', 'suspect', '#canada', 'http://t.co/kWam0E4tyX']",1.0,0.0,0.0,0.0,0.0,0.06521739130434782,0.4782608695652174,0.0
6a4cji,"['people', 'reddit', 'game', 'thrones', 'bosses', 'confirm', 'seasons', '7', '8', 'shorter', 'ever', 'true']",0.0,0.0,1.0,0.0,0.14285714285714285,0.0,0.0,0.0
544380742076088320,"['shot', 'captures', '#sydneysiege', 'sheer', 'terror', 'relief', 'escaped', 'hostages', 'incredible', 'work', 'http://t.co/iCffJZ9NuZ']",1.0,0.0,0.0,0.0,0.05,0.0,0.0,0.0
500378223977721856,"['oh', '#ferguson', 'police', 'chief', 'says', 'cop', 'know', 'robbery', 'stopped', '#mikebrown', 'kid', 'jaywalking', 'bs']",0.0,1.0,0.0,0.0,0.125,0.25,0.1875,0.0
500381163866062848,"['report', '#ferguson', 'police', 'beat', 'wrong', 'suspect', 'charged', 'getting', 'blood', 'uniforms', '2009', 'http://t.co/Mck8FYYOpp']",1.0,0.0,0.0,0.0,0.14285714285714285,0.14285714285714285,0.14285714285714285,2.0
580371845997682688,"['#4u9525', 'took', 'eight', 'minutes', 'descend', '38,000', 'feet', 'impact', 'says', 'germanwings', 'ceo', 'winkelmann']",1.0,0.0,0.0,0.0,0.0,0.0,0.5,0.0
580339547269144576,"['latest', '#germanwings', 'crash', 'pilots', 'signaled', '911', 'dropping', 'midair', 'airline', 'ceo', 'calls', 'dark', 'day', 'http://t.co/S5CZoWnn2T']",1.0,0.0,0.0,0.0,0.0,0.21428571428571427,0.2857142857142857,1.0
580882341880446977,"['report', 'co-pilot', 'locked', 'cockpit', 'fatal', 'plane', 'crash', 'http://t.co/aXGQuacv2E', '#germanwings', 'http://t.co/T80L7BhXX6']",1.0,0.0,0.0,0.0,0.4,0.0,0.0,0.0
553575232867672064,"['official', 'gunman', 'holding', 'least', 'five', 'hostages', 'paris', 'market', 'threatened', 'kill', 'police', 'approach', 'http://t.co/KId3U6zhCK']",0.0,0.0,0.0,1.0,0.16666666666666666,0.08333333333333333,0.0,2.0
78sxy7,"['exactly', 'happening', 'crack', 'joints', 'true', 'cause', 'arthritis']",0.0,0.0,1.0,0.0,0.0,0.16666666666666666,0.16666666666666666,1.0
521346721226711040,"['unconfirmed', 'reports', 'claim', 'michael', 'essien', 'contracted', 'ebola', 'http://t.co/VASQrZdLhH']",1.0,0.0,0.0,0.0,0.08333333333333333,0.125,0.041666666666666664,1.0
544514570367168512,"['#sydneysiege', 'latest', 'video', 'hostages', 'escaping', 'https://t.co/eFfgSbt2hO']",1.0,0.0,0.0,0.0,0.5333333333333333,0.06666666666666667,0.06666666666666667,2.0
498430783699554305,"['witness', 'police', 'allegedly', 'stopped', 'mike', 'brown', 'yelling', 'walk', 'sidewalk', '#ferguson', 'http://t.co/XG00R6w0k6']",1.0,0.0,0.0,0.0,0.10714285714285714,0.0,0.0,0.0
553489393202499584,"['paris', 'murder', 'suspects', 'cornered', 'hostage', 'http://t.co/yzHJi4Hw54']",1.0,0.0,0.0,0.0,0.25,0.0,0.0,1.0
500347114975944705,"['new', 'link', '#ferguson', 'police', 'release', 'video', 'say', 'shows', 'robbery', 'involving', '#michaelbrown', 'http://t.co/GMDuU33oed', 'http://t.co/RaAWvjcWNu']",1.0,0.0,0.0,0.0,0.2857142857142857,0.11428571428571428,0.047619047619047616,2.0
552806757672964097,"['update', '12', 'confirmed', 'dead', '#charliehebdo', 'attack', 'paris', 'reporting', 'story', 'http://t.co/Jfqmha1GdV', 'ap', 'http://t.co/vDCIFHIa9U']",1.0,0.0,0.0,0.0,0.4166666666666667,0.4166666666666667,0.0,0.0
544512664769396736,"['breaking', 'police', 'enter', '#lindt', 'cafe', 'hostages', 'flee', 'http://t.co/iuaLgRi7jj', '#sydneysiege', 'http://t.co/hXZ8EffN3f']",1.0,0.0,0.0,0.0,0.4,0.0,0.2,0.0
524983581983375360,"['police', 'say', 'two', 'shooting', 'incidents', 'ottawa', 'one', 'war', 'memorial', 'parliament', 'hill', 'http://t.co/q98AMohu7T']",1.0,0.0,0.0,0.0,0.05555555555555555,0.16666666666666666,0.05555555555555555,1.0
775057555865206784,"['think', 'hillary', 'suffering']",1.0,0.0,0.0,0.0,0.0,0.0,0.041666666666666664,1.0
544399927045283840,"['nsw', 'police', 'confirm', '5', 'hostages', 'emerged', '#sydneysiege', 'negotiating', 'might', 'take', 'bit', 'time', 'http://t.co/le9r9REzdR']",1.0,0.0,0.0,0.0,0.0,0.03571428571428571,0.08928571428571429,0.0
544511199702822913,"['police', 'move', 'police', 'confirm', 'live', 'ammunition', 'used', 'martin', 'place', '#sydneysiege']",1.0,0.0,0.0,0.0,0.0,0.0,0.25,0.0
544350712365207552,"['#breaking', 'reports', 'two', 'customers', 'employee', 'escaped', '#sydneysiege', 'http://t.co/fSLeobzxHh']",1.0,0.0,0.0,0.0,0.6666666666666666,0.0,0.3333333333333333,0.0
581047170637381632,"['names', 'pilots', 'rumored', 'patrick', 'sonderheimer', 'co-pilot', 'andreas', 'lubitz', 'formal', 'confirmation', 'yet', '#germanwings']",1.0,0.0,0.0,0.0,0.0,0.0,0.6666666666666666,0.0
500377906305327104,"['#ferguson', 'pd', 'charged', '#henrydavis', 'w', 'destruction', 'property', 'bleeding', 'uniforms', 'http://t.co/qQWPClW3tG', 'http://t.co/5U3nMoMiF2']",1.0,0.0,0.0,0.0,0.17647058823529413,0.058823529411764705,0.11764705882352941,2.0
500363126294863876,"['#ferguson', 'police', 'chief', 'basically', 'confirmed', '#mikebrown', 'gunned', 'death', 'crime', 'walking', 'street', 'horrific']",1.0,0.0,0.0,0.0,0.42857142857142855,0.2857142857142857,0.0,2.0
500298588992593920,"['police', 'named', 'cop', 'shot', 'michael', 'brown', 'latest', 'report', '#ferguson', 'http://t.co/1K79nsOtx3', 'http://t.co/cV3VCkUR6L']",1.0,0.0,0.0,0.0,0.0,0.0,0.05555555555555555,2.0
581153923987206146,"['germanwings', 'co-pilot', 'battled', 'depression', '09', 'friends', 'say', 'http://t.co/srhDPf4Zn5', 'http://t.co/I3Zd1RyNud']",1.0,0.0,0.0,0.0,0.043478260869565216,0.08695652173913043,0.08695652173913043,2.0
544358533819420672,"['breaking', 'three', 'hostages', 'appear', 'escaped', 'sydney', 'cafe', 'siege', 'remains', 'ongoing', 'http://t.co/akfqcnbofX', '#sydneyseige']",1.0,0.0,0.0,0.0,0.2777777777777778,0.1111111111111111,0.1111111111111111,0.0
553164985460068352,"['#charliehebdo', 'attack', 'suspects', 'reportedly', 'fired', 'shots', 'robbing', 'petrol', 'station', 'http://t.co/joSfDCybpI', 'http://t.co/7xQIrb4vbU']",1.0,0.0,0.0,0.0,0.07142857142857142,0.0,0.07142857142857142,2.0
7z11oi,"['like', 'movies', 'true', 'police', 'locating', 'phone', 'call', 'need', 'around', '25', 'seconds', 'locate']",0.0,0.0,1.0,0.0,0.0,0.2,0.0,1.0
500327120770301952,"['many', 'white', 'celebrities', 'caught', 'shoplifting', 'end', 'dead', 'streets', ""i'll"", 'wait', '#ferguson']",1.0,0.0,0.0,0.0,0.05555555555555555,0.1111111111111111,0.0,2.0
529540733020405760,"['prince', 'toronto', 'tonight', 'tweeted', 'morning', 'say', 'otnorot', 'calling', 'toronto', 'backwards', 'obviously', 'seems']",1.0,0.0,0.0,0.0,0.1,0.0,0.05,1.0
580319184652890113,"['breaking', '148', 'passengers', 'board', '#germanwings', 'airbus', 'a320', 'crashed', 'southern', 'french', 'alps', 'http://t.co/VxxvrU9XmV']",1.0,0.0,0.0,0.0,0.07692307692307693,0.0,0.15384615384615385,1.0
553561170637238272,"['breaking', 'police', 'order', 'shops', 'closed', 'famed', 'jewish', 'neighborhood', 'central', 'paris', 'far', 'attacks']",1.0,0.0,0.0,0.0,0.1891891891891892,0.02702702702702703,0.13513513513513514,2.0
524993533212897281,"['fbi', 'assisting', 'case', 'ottawa', 'shooting', 'sources', 'confirmed', 'ctv', 'news']",1.0,0.0,0.0,0.0,0.14285714285714285,0.0,0.14285714285714285,2.0
544274544174071809,"['take', 'break', 'bashing', 'cheney', 'waterboarding', 'possible', 'isis', 'terrorist', 'attack', 'ongoing', 'sydney', 'http://t.co/nkksw4ozE2']",1.0,0.0,0.0,0.0,0.021739130434782608,0.021739130434782608,0.06521739130434782,1.0
553486439129038848,"['breaking', 'french', 'police', 'tell', 'ap', 'suspects', '#charliehebdo', 'attack', 'taken', 'hostage', 'northeast', 'paris']",1.0,0.0,0.0,0.0,0.125,0.125,0.0,1.0
576755174531862529,"['coup', 'rumors', 'russian', 'military', 'attaches', 'embassy', 'london', 'returned', 'moscow', 'http://t.co/e8ZoFxtfHX']",1.0,0.0,0.0,0.0,0.0,0.16666666666666666,0.16666666666666666,2.0
544350567183556608,"['see', 'people', 'coming', 'firedoor', 'near', 'lindt', 'cafe', 'waiting', 'police', '2-3', 'people', 'hard', 'see', '#sydneysiege']",1.0,0.0,0.0,0.0,0.0,0.0,0.5,0.0
524923462398513152,"['shots', 'fired', 'parliament', 'hill', 'man', 'walked', 'gun', ""i'm"", 'locked', 'security', 'office', 'parliament', 'hill']",1.0,0.0,0.0,0.0,0.0,0.0,0.07692307692307693,0.0
544287209730236416,"['sydney', 'opera', 'house', 'evacuated', 'concourse', 'deserted', 'http://t.co/NMbuLCimKV', '#sydneysiege', 'http://t.co/QYlOU0REVw']",1.0,0.0,0.0,0.0,0.3,0.0,0.1,2.0
524924619812511746,"['witness', 'tells', '#cbcnews', 'suspected', 'shooter', 'uniformed', 'soldier', ""#ottawa's"", 'war', 'memorial', 'carrying', 'rifle']",1.0,0.0,0.0,0.0,0.0,0.3333333333333333,0.0,2.0
552806309540528128,"['#charliehebdo', 'cartoonists', 'charb', 'cabu', 'dead', 'http://t.co/7USD83cQd2', 'http://t.co/WGHbLiLFoX']",1.0,0.0,0.0,0.0,0.12727272727272726,0.03636363636363636,0.0,1.0
552783667052167168,"['france', '10', 'people', 'dead', 'shooting', 'hq', 'satirical', 'weekly', 'newspaper', '#charliehebdo', 'according', 'witnesses', 'http://t.co/FkYxGmuS58']",1.0,0.0,0.0,0.0,0.0,0.14285714285714285,0.14285714285714285,0.0
529660296080916480,"['prince', 'playing', 'secret', 'show', 'toronto', 'tonight', 'also', 'playing', 'secret', 'show', 'tonight', 'involving', 'pizza', 'netflix', 'bingeing']",1.0,0.0,0.0,0.0,0.0,0.0,0.0,1.0
544289311504355328,"['statement', 'prime', 'minister', 'tony', 'abbott', 'sydney', 'hostage', 'situation', 'http://t.co/MHkNRZFQWB']",1.0,0.0,0.0,0.0,0.0,0.0,0.0,0.0
544329935943237632,"['uber', 'sydney', 'trips', 'cbd', 'free', 'riders', 'higher', 'rates', 'still', 'place', 'encourage', 'drivers', 'get', 'cbd']",1.0,0.0,0.0,0.0,0.08737864077669903,0.024271844660194174,0.20388349514563106,0.0
18dmb4,"['even', 'ants', 'eat', 'aspartame']",1.0,0.0,0.0,0.0,0.0,0.0,0.0,1.0
524952883343925249,"['watch', 'video', 'showing', 'gunfire', 'inside', ""canada's"", 'parliament', 'ottawa', 'http://t.co/CJpXNAk8nS', 'http://t.co/hxwr2NEr2K']",1.0,0.0,0.0,0.0,0.25,0.041666666666666664,0.0,0.0
544324444773433348,"['uber', 'says', 'hiked', 'prices', 'sydney', 'encourage', 'drivers', 'come', 'online', 'pick', 'passengers', 'http://t.co/MCJ0rMSXPc', '#sydneysiege']",1.0,0.0,0.0,0.0,0.23809523809523808,0.14285714285714285,0.047619047619047616,0.0
544367462012432384,"['police', 'confirm', '3', 'hostages', 'escape', 'sydney', 'cafe', 'unknown', 'number', 'remain', 'inside', 'http://t.co/pcAt91LIdS', '#sydneysiege']",1.0,0.0,0.0,0.0,0.16666666666666666,0.0,0.3333333333333333,0.0
500279160795721728,"['question', '#ferguson', 'police', 'chief', 'officer', 'darren', 'wilson', 'pursuit', 'robbery', 'suspect', 'tell', 'kids', 'get', 'road', 'lie']",1.0,0.0,0.0,0.0,0.09950248756218906,0.0,0.03980099502487562,2.0
553512735192141826,"['update', 'afp', 'unnamed', 'police', 'source', 'says', 'killing', 'policewoman', '#paris', 'thursday', 'linked', '#charliehebdo', 'attack']",1.0,0.0,0.0,0.0,0.0,0.4,0.0,0.0
544315472075042818,"['us', 'consulate', '#sydney', 'reportedly', 'evacuated', 'amid', 'ongoing', 'hostage', 'situation', 'chocolate', 'shop', 'http://t.co/n4D3yGjso9', 'http://t.co/ayL7vvqxl8']",1.0,0.0,0.0,0.0,0.0,0.0,0.038461538461538464,2.0
500295393301647360,"['day', 'asked', 'manager', '#ferguson', 'market', 'police', 'requested', 'surveillance', 'video', 'said']",1.0,0.0,0.0,0.0,0.0,0.0,0.25,2.0
544278985249550337,"['geoblock', 'lifted', '#abcnews24', 'streaming', 'coverage', 'martin', 'place', 'siege', 'sydney', 'http://t.co/HvQuvP4SIb']",1.0,0.0,0.0,0.0,0.05263157894736842,0.0,0.15789473684210525,0.0
553503184174710784,"['#charliehebdo', 'shooting', 'suspects', 'tell', 'police', 'prepared', 'die', 'martyrs', 'french', 'media', 'http://t.co/G6eunBDIrj', 'http://t.co/jOnfaapehF']",1.0,0.0,0.0,0.0,0.08333333333333333,0.041666666666666664,0.0,2.0
25bvmb,"['debunk', 'nicotine', 'really', 'bad', 'substances', 'makes', 'tobacco', 'harmful']",0.0,0.0,1.0,0.0,0.2857142857142857,0.0,0.0,1.0
553590835850514433,"['hostage-taker', 'supermarket', 'siege', 'killed', 'reports', 'say', '#parisattacks', 'http://t.co/0jxoozr8mN', 'http://t.co/sY4M9Vox3L']",1.0,0.0,0.0,0.0,0.05,0.05,0.15,0.0
529713467184676864,"['secret', 'prince', 'show', 'rumored', 'toronto', 'tonight', 'http://t.co/GE2DFcFKLJ']",1.0,0.0,0.0,0.0,0.6,0.2,0.0,1.0
1i8ljs,"['true', 'member', 'media', 'doj', 'longer', 'needs', 'warrant', 'obtain', 'emails', 'phone', 'records']",0.0,0.0,1.0,0.0,0.0,0.18181818181818182,0.09090909090909091,2.0
8j9s33,"['face', 'facts', 'immigrants', 'commit', 'fewer', 'crimes', 'u', 'born', 'peers']",1.0,0.0,0.0,0.0,0.00625,0.003125,0.021875,0.0
500389488217309184,"['#ferguson', 'chief', 'let', 'day', 'go', 'b4', 'disclosing', 'repeated', 'qs', 'cop', 'killed', '#mikebrown', 'knew', 'nothing', 'robbery', 'danger']",1.0,0.0,0.0,0.0,0.18604651162790697,0.046511627906976744,0.23255813953488372,2.0
544319274072817664,"['ray', 'hadley', 'says', 'spoke', 'hostage', 'could', 'hear', 'gunman', 'background', 'barking', 'orders', 'demanding', 'go', 'live', 'air']",1.0,0.0,0.0,0.0,0.07692307692307693,0.23076923076923078,0.15384615384615385,0.0
553558982476828674,"['israeli', 'tv', 'israeli', 'woman', 'speaks', 'nephew', 'mother', '6', 'month', 'old', 'baby', 'held', 'hostage', 'supermarket', 'paris', '#jesuisjuif']",1.0,0.0,0.0,0.0,0.0,0.0,0.23076923076923078,0.0
500319675797209088,"['shot', 'everyone', 'street', 'stealing', 'imagine', 'carnage', 'wall', 'st', '#mikebrown', '#ferguson']",1.0,0.0,0.0,0.0,0.2727272727272727,0.09090909090909091,0.09090909090909091,2.0
552832817089236992,"['stills', 'eyewitness', 'video', 'show', 'two', '#charliehebdo', 'attackers', 'wearing', 'hoods', 'black', 'clothing', 'shoot', 'wounded', 'man', 'http://t.co/IX8Wys3p5M']",1.0,0.0,0.0,0.0,0.16666666666666666,0.0,0.0,0.0
1hzz6y,"['cancer', 'fungus', 'idea', '60s', 'apparently', 'receiving', 'new', 'attention', 'please', 'advise']",0.0,0.0,1.0,0.0,0.0,0.0,0.1,1.0
576829262927413248,"['good', '#putin', 'coup', 'three', 'scenarios', 'succession', 'russia', 'http://t.co/fotdqxDfEV', 'http://t.co/RdA0giizeb']",1.0,0.0,0.0,0.0,0.0,0.2857142857142857,0.14285714285714285,2.0
553550301886955520,"['breaking', 'one', 'person', 'seriously', 'wounded', 'six', 'taken', 'hostage', 'incident', 'kosher', 'supermarket', 'paris', 'police', 'source']",1.0,0.0,0.0,0.0,0.2631578947368421,0.0,0.10526315789473684,2.0
524940659778920448,"['attack', 'parliament', 'soldier', 'shot', 'gunman', 'loose', 'follow', 'developing', 'story', 'http://t.co/bo99C9HqJE', 'http://t.co/2FXEYtTl8w']",1.0,0.0,0.0,0.0,0.6666666666666666,0.0,0.0,2.0
544381485591982083,"['reports', '#sydneysiege', 'gunman', 'wants', '#isil', 'flag', 'delivered', 'cafe', 'also', 'wants', 'speak', 'pm', 'people', 'killed']",1.0,0.0,0.0,0.0,0.4166666666666667,0.08333333333333333,0.0,0.0
524981436252950528,"['canadian', 'authorities', 'given', 'name', 'suspect', 'ottawa', 'attacks', 'u', 'feds', 'ask', 'fbi', 'assistance', 'sr', 'u', 'law', 'enforcement', 'official']",1.0,0.0,0.0,0.0,0.0,0.0,0.14285714285714285,2.0
544352727971954690,"['local', 'media', '3', 'people', 'appear', 'escape', 'martin', 'place', 'sydney', 'café', 'amid', 'hostage', 'situation', 'http://t.co/N5mmnilz4Z']",1.0,0.0,0.0,0.0,0.25,0.125,0.25,0.0
529695483661664257,"['clearly', 'prince', 'show', '#toronto', '#tdot', '#gta', '#prince', '#concert', 'http://t.co/e7oktlGd1v']",1.0,0.0,0.0,0.0,0.0,0.0,0.0,1.0
6o9ozz,"['debunk', 'could', 'return', 'earth', 'moon', 'landing', 'could', 'bring', 'enough', 'fuel', 'rockets', 'get', 'back']",0.0,0.0,1.0,0.0,0.0,0.0,0.0,1.0
553544694765215745,"['french', 'police', 'publishes', 'photos', 'suspect', ""yesterday's"", 'montrouge', 'shooting', 'maybe', 'persons', 'kosher', 'market', 'http://t.co/j5nQIl4Ytu']",1.0,0.0,0.0,0.0,0.14285714285714285,0.0,0.0,0.0
524926472432410625,"['one', 'person', 'shot', 'outside', 'centre', 'block', 'second', 'wounded', 'inside', 'building', 'parliament', 'hill', 'shooting', 'http://t.co/zng0g0aelU']",1.0,0.0,0.0,0.0,0.0,0.0,0.0,2.0
544391533240516608,"['five', 'hostages', 'escaped', 'besieged', 'lindt', 'cafe', '#sydney', 'latest', 'update', 'http://t.co/XJVICQdu0y', 'http://t.co/aNGBZsCmdQ']",1.0,0.0,0.0,0.0,0.0,0.0,0.0,0.0
524948866773184512,"['ottawa', 'police', 'issued', 'statement', 'three', 'separate', 'shooting', 'incidents', 'inside', 'parliament', 'one', 'war', 'memorial', 'one', 'rideau', 'centre']",1.0,0.0,0.0,0.0,0.3333333333333333,0.0,0.0,1.0
524990163446140928,"['police', 'clarified', 'two', 'shootings', 'ottawa', 'today', 'three', 'war', 'memorial', 'parliament', 'hill']",0.0,1.0,0.0,0.0,0.2,0.4,0.2,1.0
544520273718812672,"['police', 'confirm', '#sydneysiege', 'finally', 'two', 'people', 'reportedly', 'injured', 'suffering', 'gunshot', 'wounds', 'http://t.co/nsprnSYTDT']",1.0,0.0,0.0,0.0,0.10526315789473684,0.05263157894736842,0.05263157894736842,0.0
552814494381256704,"['update', ""#charliehebdo's"", 'editor-in-chief', 'killed', 'attack', ""magazine's"", 'lawyer', 'http://t.co/kLKwMSlo7g']",1.0,0.0,0.0,0.0,0.4,0.1,0.0,1.0
524980744658382848,"['#rcmp', 'hold', 'news', 'conference', '#ottawa', 'shootings', '2', 'pm', 'et', '11', 'pt', 'watch', 'live', 'coverage', 'http://t.co/kngapKTSCe']",1.0,0.0,0.0,0.0,0.0,0.0,0.2222222222222222,0.0
580352273001410560,"['news', 'emergency', 'emergency', 'final', 'distress', 'call', 'sent', 'cockpit', 'flight', '#4u9525']",1.0,0.0,0.0,0.0,0.011363636363636364,0.20454545454545456,0.2840909090909091,1.0
581293286268129280,"['german', 'news', 'co-pilot', 'germanwings', 'airbus', 'muslim', 'convert', 'muslim', 'trusted', 'near', 'airplane']",1.0,0.0,0.0,0.0,0.06666666666666667,0.1,0.03333333333333333,1.0
553476490315431937,"['police', 'convoy', 'helicopters', 'rushing', 'scene', 'detain', 'charlie', 'hebdo', 'massacre', 'suspects', 'http://t.co/XdUgohNDhv', 'http://t.co/MSROYqs14o']",1.0,0.0,0.0,0.0,0.0,0.0,0.0,0.0
31xv6u,"['serious', 'man', 'dinosaurs', 'lived', 'time']",1.0,0.0,0.0,0.0,0.05263157894736842,0.05263157894736842,0.0,1.0
553152395371630592,"['widely', 'shared', 'cartoon', '#charliehebdo', 'attack', 'actually', '#banksy', 'http://t.co/HxKI8pefcU']",1.0,0.0,0.0,0.0,0.09523809523809523,0.0,0.09523809523809523,1.0
524936793633083394,"['tense', 'situation', 'ottawa', 'morning', 'multiple', 'gun', 'shots', 'fired', 'outside', 'caucus', 'room', 'safe', 'lockdown', 'unbelievable']",1.0,0.0,0.0,0.0,0.05263157894736842,0.0,0.10526315789473684,0.0
544292670336925696,"['update', '13', 'hostages', 'inside', 'sydney', 'coffee', 'shop', 'near', 'sydney', 'opera', 'house', 'abbott', 'deliver', 'statement', 'shortly', '#isisattacks', '#sydneyseige']",1.0,0.0,0.0,0.0,0.0,0.16666666666666666,0.0,1.0
553478289474740224,"['#breaking', '1', 'dead', 'several', 'injured', 'shootout', 'north-east', 'paris', 'french', 'radio', 'http://t.co/LdSF5QeCiv', '#charliehebdo']",1.0,0.0,0.0,0.0,0.16666666666666666,0.0,0.0,1.0
552816020403269632,"['looks', 'like', 'every', 'charlie', 'hebdo', 'cartoonist', 'killed', '1', 'charb', ""al-qaeda's"", 'hit', 'list', '2', 'cabu', '3', 'wolinski', '4', 'tignous']",1.0,0.0,0.0,0.0,0.0,0.25,0.0,2.0
524943490887991296,"['confirmed', '1', 'shooter', 'shot', 'dead', 'parliament', 'hill', '1', 'suspect', '#cbcott', '#ottnews']",0.0,1.0,0.0,0.0,0.0,0.0,0.0,0.0
544314234541469696,"['uber', 'intros', 'surge', 'pricing', 'downtown', 'sydney', 'hostage', 'siege', 'http://t.co/XWGe9MpUzU', 'http://t.co/cwhIiozFNr']",1.0,0.0,0.0,0.0,0.1,0.05,0.1,0.0
7d28gk,"['true', 'people', 'america', 'gets', 'jailed', 'life', 'stealing', 'witout', 'violence']",0.0,0.0,1.0,0.0,0.0,0.0,0.0,0.0
552810448324943872,"['#charliehebdo', 'shooting', 'gunmen', 'shouted', 'avenged', 'prophet', 'attack', 'reports', 'http://t.co/3Jsosc7yl3', 'http://t.co/nAerF1Ep7A']",1.0,0.0,0.0,0.0,0.2222222222222222,0.1111111111111111,0.0,2.0
529653029747064832,"['prince', 'fans', 'lining', 'massey', 'hall', 'wristbands', 'surprise', 'show', 'reportedly', 'sale', '6pm', '#toronto', 'http://t.co/uZBPGlfyce']",1.0,0.0,0.0,0.0,0.0,0.16666666666666666,0.0,1.0
552785375161499649,"['breaking', '10', 'reportedly', 'shot', 'dead', 'paris', 'hq', 'french', 'weekly', 'charlie', 'hebdo', 'http://t.co/5F1DOwzoCQ']",1.0,0.0,0.0,0.0,0.6666666666666666,0.0,0.0,0.0
544294893146091520,"['ongoing', 'hostage', 'situation', 'sydney', 'café', '#sydneysiege', 'major', 'landmarks', 'like', 'sydney', 'opera', 'house', 'evacuated', 'http://t.co/fmvq54QmTO']",1.0,0.0,0.0,0.0,0.02857142857142857,0.0,0.42857142857142855,0.0
553538058440941568,"['france', 'shooting', 'hostage-taking', 'kosher', 'market', 'paris', 'several', 'reported', 'wounded', 'http://t.co/5300zReVuq']",1.0,0.0,0.0,0.0,0.05,0.0,0.0,2.0
500394061887709184,"['press', 'conf', 'makes', '#ferguson', 'pd', 'look', 'like', ""they've"", 'gone', 'stonewalling', 'counter', 'punching', 'give', 'name', 'drag', 'thru', 'mud']",1.0,0.0,0.0,0.0,0.1,0.0,0.0,2.0
580340476949086208,"['breaking', '148', 'feared', 'dead', 'crashed', '#germanwings', 'flight', 'http://t.co/bnEGQsxBFL']",1.0,0.0,0.0,0.0,0.2631578947368421,0.0,0.21052631578947367,1.0
500308076004929537,"['possible', 'robbery', 'took', 'place', 'bam', 'like', 'magic', 'another', 'unarmed', 'black', 'youth', 'murdered', 'forgotten', '#smh', '#ferguson']",0.0,0.0,0.0,1.0,0.0,0.125,0.125,2.0
552978184413921281,"[""#banksy's"", 'take', '#charliehebdo', '#jesuischarlie', '#noussommescharlie', 'http://t.co/f6Y07d9fJ1']",1.0,0.0,0.0,0.0,0.5,0.0,0.0,1.0
553184482241814530,"['still', 'confused', 'highly', 'trained', 'individuals', 'left', 'id', 'getaway', 'car', '#charliehebdo']",0.0,1.0,0.0,0.0,0.0,0.034482758620689655,0.06896551724137931,2.0
500307001629745152,"['appears', '#ferguson', 'pd', 'trying', 'assassinate', 'mike', ""brown's"", 'character', 'literally', 'assassinating', 'mike', 'brown']",1.0,0.0,0.0,0.0,0.14613180515759314,0.06017191977077364,0.18051575931232092,2.0
544520042810200064,"['#sydneysiege', '2', 'confirmed', 'dead', '#prayforsydney', '#prayforsydneyhostages', '#sydney', '#hostages']",1.0,0.0,0.0,0.0,0.0,0.0,0.0,0.0
553470492565602305,"['car', 'chase', 'way', 'paris', 'gunfight', 'breaks', 'reports', 'hostages', 'latest', 'paris', 'http://t.co/2J4WQdJnTp', 'http://t.co/Lpd4hbiXai']",1.0,0.0,0.0,0.0,0.0,0.0,0.3333333333333333,2.0
524964948683005952,"['#ottawa', 'police', 'confirm', '#cbcnews', 'still', 'seeking', '1', 'suspects', 'shootings', 'parliament', 'hill', 'war', 'memorial', 'nearby', 'mall']",1.0,0.0,0.0,0.0,0.0,0.10638297872340426,0.02127659574468085,1.0
524969201102901248,"['mps', 'credit', 'sergeant-at-arms', 'saving', 'lives', 'parliament', 'hill', 'shootings', 'http://t.co/3NfiSwTwPt', 'http://t.co/V5tIbCQgj9']",1.0,0.0,0.0,0.0,0.0,0.0,0.0,0.0
552833028201144320,"['urgent', '3', 'gunmen', 'involved', 'deadly', 'attack', '#charliehebdo', 'french', 'interior', 'minister', 'http://t.co/3Jsosc7yl3', '#paris', 'http://t.co/9fqT2P6yhV']",1.0,0.0,0.0,0.0,0.0,0.0,0.0,1.0
544271069146656768,"['understand', 'two', 'gunmen', 'dozen', 'hostages', 'inside', 'cafe', 'siege', 'sydney', 'isis', 'flags', 'remain', 'display', '#7news']",1.0,0.0,0.0,0.0,0.0,0.5,0.16666666666666666,1.0
529689679411810304,"['people', 'talking', 'stupid', 'shit', 'like', 'government', 'corruption', 'harassment', 'prince', 'toronto', 'smh']",1.0,0.0,0.0,0.0,0.0,0.2,0.0,1.0
500258409988763649,"['name', '#ferguson', 'cop', 'expected', 'released', '9', 'et', 'police', 'chief', 'says', 'http://t.co/NhMsTgfzYi', 'j', 'b', 'forbes', 'ap', 'http://t.co/7LU1iT1EKB']",1.0,0.0,0.0,0.0,0.14285714285714285,0.0,0.14285714285714285,2.0
524965775036387329,"['hero', 'kevin', 'vickers', 'head', 'security', 'parliament', 'credited', 'taking', 'shooter', '#ottawa', 'http://t.co/rVYetE0KYq']",1.0,0.0,0.0,0.0,0.5,0.0,0.0,0.0
249p6c,"['debunk', 'microwaves', 'bad', 'microwaved', 'water', 'kills', 'plants']",0.0,0.0,1.0,0.0,0.0,0.5555555555555556,0.1111111111111111,1.0
524949443607412737,"['ottawa', 'police', 'report', 'third', 'shooting', 'rideau', 'centre', 'reports', 'injuries']",1.0,0.0,0.0,0.0,0.25,0.25,0.0,1.0
552788945017516032,"['appalled', 'attack', 'charlie', 'hebdo', 'paris', '10', 'probably', 'journalists', 'confirmed', 'dead', 'attack', 'free', 'speech', 'everywhere']",1.0,0.0,0.0,0.0,0.02564102564102564,0.0,0.05128205128205128,0.0
500327106824245249,"['weekend', 'ppl', 'talking', 'robbery', 'instead', 'shooting', 'bc', '#ferguson', 'pd', 'release', 'info', 'shooting']",1.0,0.0,0.0,0.0,0.0,0.0,0.0,2.0
